Cluster,Income,Age,TotalSpent,Recency
0.0,33720.92362344583,52.07460035523979,109.09413854351688,25.07992895204263
1.0,69290.79712746858,59.27468581687612,1160.3231597845602,72.44883303411132
2.0,69646.3041825095,57.27566539923954,1059.093155893536,22.547528517110266
3.0,37835.261403508775,56.19824561403509,141.1859649122807,74.1719298245614
