Cluster,Income,Age,TotalSpent,Recency
0,35091.09215017065,52.13993174061434,127.04778156996586,24.27133105802048
1,75479.10892116182,48.83817427385892,1316.1452282157677,48.977178423236516
2,64353.88372093023,66.75581395348837,944.9385382059801,49.04318936877076
3,37296.93562610229,55.045855379188716,136.4426807760141,74.94356261022928
