Cluster,Income,Customer_Age,Recency,MntWines,MntMeatProducts
0,34473.784169124876,53.07472959685349,49.22418879056047,38.932153392330385,22.86135693215339
1,61354.11337868481,61.038548752834465,73.77551020408163,464.609977324263,161.86848072562358
2,80344.93465909091,53.80397727272727,52.03977272727273,718.625,583.9375
3,61894.524418604655,60.56046511627907,21.141860465116277,426.4488372093023,171.6
