Cluster_Behavior,Recency,NumWebPurchases,NumStorePurchases,NumCatalogPurchases,NumWebVisitsMonth,TotalSpent,AcceptedCmp_total,WebPurchaseRatio
0,46.40442655935614,7.503018108651911,6.414486921529175,2.859154929577465,6.382293762575452,738.5130784708249,0.39436619718309857,0.5034827569817453
1,48.02808988764045,5.556179775280899,8.00561797752809,6.241573033707865,3.5786516853932584,1576.3483146067415,2.8146067415730336,0.38137817591806933
2,49.289655172413795,1.9635467980295567,3.2482758620689656,0.5448275862068965,6.353694581280788,96.23054187192118,0.1625615763546798,0.29840249515126366
3,51.56489945155393,4.446069469835466,9.23583180987203,5.248628884826325,3.0,1114.7038391224862,0.2522851919561243,0.300250677898323
